 {
 "run_list":	["recipe[fmw_jdk::install]",
				 "recipe[fmw_wls::install]"
				],
 "fmw":	{
			"java_home_dir":		"/u01/chef/oracle/products/java/jdk1.8.0_92",
			"middleware_home_dir":	"/u01/chef/oracle/products/fmw12211",
			"weblogic_home_dir":	"/u01/chef/oracle/products/fmw12211/wlserver",
			"version":				"12.2.1.1",
			"tmp_dir":				"/tmp",
			"os_user":				"oracle",
			"os_group":				"oinstall"
		},
 "fmw_jdk":	{
				"source_file":		"/docker/jdk-8u92-linux-x64.tar.gz"
			},
 "fmw_wls":	{
				"source_file":		"/docker/fmw_12.2.1.1.0_wls.jar"
			}
 
 }