{
    "id":                            "WEBLOGIC_DOMAIN",
    "domain_name":                   "soa_domain",
    "weblogic_user":                 "weblogic",
    "weblogic_password":             "welcome1",
    "adminserver_name":              "AdminServer",
    "adminserver_listen_address":    "soalab.us.varnika.com",
    "adminserver_listen_port":       "5001",
	"nodemanager_user":              "nodemanager",
    "nodemanager_password":          "welcome1"
	nodemanagers:
          -
            id:             "node1"
            listen_address: "10.10.10.135"
        servers:
          -
            id:             "wls_server1"
            nodemanager:    "node1"
            listen_address: "10.10.10.135"
            listen_port:    8001
            arguments:      "-XX:PermSize=256m -XX:MaxPermSize=512m -Xms1024m -Xmx1024m"
          -
            id:             "wls_server2"
            nodemanager:    "node1"
            listen_address: "10.10.10.135"
            listen_port:    8002
            arguments:      "-XX:PermSize=256m -XX:MaxPermSize=512m -Xms1024m -Xmx1024m"
          -
            id:             "server3"
            nodemanager:    "node1"
            listen_address: "10.10.10.135"
            listen_port:    9001
            arguments:      "-XX:PermSize=256m -XX:MaxPermSize=512m -Xms1024m -Xmx1024m"
        clusters:
          -
            id: "wls_cluster"
            members:
              - "wls_server1"
              - "wls_server2"
}
  